id,feature1,feature2,feature3,categorical_feature,feature4
1,25,0,0,40,25000
2,38,0,0,50,25000
3,28,0,0,40,75000
4,44,7688,0,40,75000
5,18,0,0,30,25000
6,34,0,0,30,25000
7,29,0,0,40,25000
8,63,3103,0,32,75000
9,24,0,0,40,25000
10,55,0,0,10,25000
11,65,6418,0,40,75000
12,36,0,0,40,25000
13,26,0,0,39,25000
14,58,0,0,35,25000
15,48,3103,0,48,75000
16,43,0,0,50,75000
17,20,0,0,25,25000
18,43,0,0,30,25000
19,37,0,0,20,25000
20,40,0,0,45,75000
21,34,0,0,47,75000
22,34,0,0,35,25000
23,72,0,0,6,25000
24,25,0,0,43,25000
25,25,0,0,40,25000
26,45,7298,0,90,75000
27,22,0,0,20,25000
28,23,0,0,54,25000
29,54,0,0,35,25000
30,32,0,0,60,25000
31,46,7688,0,38,75000
32,56,0,0,50,25000
33,24,0,0,50,25000
34,23,0,0,40,25000
35,26,0,0,40,25000
36,65,0,0,40,25000
37,36,0,0,40,75000
38,22,0,0,50,25000
39,17,0,0,40,25000
40,20,0,0,40,25000
41,65,0,0,50,75000
42,44,0,0,45,75000
43,36,0,0,40,25000
44,29,0,0,40,25000
45,20,0,0,32,25000
46,28,0,0,36,75000
47,39,0,0,40,25000
48,54,3908,0,50,25000
49,52,0,0,18,25000
50,56,0,0,50,25000
51,18,0,0,20,25000
52,39,0,0,40,25000
53,21,0,1721,24,25000
54,22,14084,0,60,75000
55,38,0,0,54,25000
56,21,0,0,40,25000
57,63,0,0,40,25000
58,34,3103,0,50,75000
59,42,5178,0,50,75000
60,33,0,0,40,25000
61,30,0,0,50,25000
62,39,0,0,40,25000
63,26,0,0,40,25000
64,33,0,0,40,25000
65,47,0,0,40,25000
66,41,0,0,40,25000
67,41,15024,0,60,75000
68,19,0,0,20,25000
69,46,0,0,40,25000
70,43,0,0,48,25000
71,55,15024,0,45,75000
72,46,0,0,40,25000
73,30,0,0,40,25000
74,21,0,0,40,25000
75,46,0,0,40,25000
76,17,0,0,40,25000
77,41,0,0,50,25000
78,69,0,0,30,25000
79,50,0,0,40,25000
80,20,0,0,40,25000
81,45,0,0,50,25000
82,23,0,0,40,25000
83,24,0,1876,40,25000
84,44,99999,0,50,75000
85,31,0,0,50,25000
86,43,0,0,44,25000
87,20,0,0,10,25000
88,55,0,0,56,75000
89,24,0,0,40,25000
90,41,7688,0,10,75000
91,59,0,0,25,25000
92,49,0,0,20,25000
93,33,5178,0,10,75000
94,59,0,0,40,25000
95,34,0,0,40,25000
96,20,0,0,40,25000
97,25,0,0,40,25000
98,49,0,0,40,25000
99,59,0,0,40,75000
100,20,0,0,40,25000
101,51,0,0,18,25000
102,33,0,0,35,25000
103,22,0,0,39,25000
104,58,0,0,40,25000
105,52,0,0,28,25000
106,36,0,0,40,25000
107,41,0,0,40,25000
108,28,2597,0,40,25000
109,19,0,0,16,25000
110,18,0,0,28,25000
111,18,0,0,48,25000
112,28,0,0,40,25000
113,29,0,0,40,75000
114,20,0,0,20,25000
115,40,0,0,40,25000
116,26,0,0,40,25000
117,46,0,0,40,25000
118,23,0,0,24,25000
119,44,0,0,40,25000
120,43,0,0,40,75000
121,31,0,0,60,25000
122,18,0,0,25,25000
123,19,0,0,30,25000
124,41,0,0,40,25000
125,41,0,0,40,25000
126,69,0,0,25,25000
127,48,0,0,40,75000
128,28,0,0,40,25000
129,27,0,0,60,75000
130,41,0,2415,50,75000
131,41,0,0,40,25000
132,24,0,0,40,25000
133,20,0,0,40,25000
134,42,0,0,41,75000
135,57,0,0,48,25000
136,30,0,0,40,25000
137,36,0,0,60,75000
138,49,0,0,40,25000
139,33,0,0,35,25000
140,23,0,0,40,25000
141,46,0,0,40,25000
142,18,0,0,22,25000
143,40,7688,0,55,75000
144,43,0,1887,45,75000
145,34,0,0,30,25000
146,47,0,0,30,25000
147,44,0,0,30,25000
148,33,0,0,40,75000
149,55,15024,0,50,75000
150,19,2907,0,30,25000
151,28,0,0,14,25000
152,27,0,0,32,25000
153,50,0,0,20,25000
154,22,0,0,40,25000
155,40,0,1887,45,75000
156,25,0,0,40,25000
157,26,0,0,40,25000
158,22,0,0,25,25000
159,42,0,625,40,25000
160,38,0,0,40,25000
161,55,0,0,30,25000
162,32,0,0,40,25000
163,22,0,0,45,25000
164,29,0,0,40,25000
165,46,0,0,45,75000
166,31,0,0,40,75000
167,58,0,0,16,75000
168,42,0,0,45,25000
169,18,0,0,25,25000
170,58,0,0,33,25000
171,54,0,1887,40,75000
172,34,0,0,40,25000
173,26,0,0,40,25000
174,61,0,0,60,25000
175,48,0,0,40,25000
176,36,0,0,45,75000
177,24,0,0,45,25000
178,40,0,0,37,25000
179,33,0,0,50,75000
180,37,0,1887,40,75000
181,34,4650,0,40,25000
182,56,15024,0,40,75000
183,28,0,0,38,75000
184,37,0,0,55,25000
185,44,0,0,40,25000
186,64,0,0,8,25000
187,54,0,0,45,25000
188,23,0,0,50,25000
189,34,0,0,40,25000
190,22,0,0,45,25000
191,33,0,1977,40,75000
192,39,0,0,50,75000
193,47,0,0,37,25000
194,79,0,0,40,25000
195,26,0,0,55,25000
196,31,0,0,40,25000
197,44,0,0,45,25000
198,42,0,0,50,75000
199,19,0,0,40,25000
200,27,0,0,40,75000
201,51,0,0,40,75000
202,28,0,0,50,25000
203,57,0,0,45,25000
204,45,0,0,40,25000
205,50,0,0,40,75000
206,34,0,0,54,25000
207,45,0,0,40,25000
208,73,0,0,20,25000
209,34,0,0,50,75000
210,31,0,0,55,75000
211,19,0,0,12,25000
212,25,0,0,50,25000
213,38,6497,0,40,25000
214,39,0,0,40,25000
215,23,0,0,32,25000
216,49,0,0,40,25000
217,33,0,0,32,25000
218,21,0,0,38,25000
219,31,0,0,40,25000
220,23,0,0,45,25000
221,34,0,0,40,25000
222,25,0,0,40,25000
223,39,0,0,40,25000
224,52,0,0,40,75000
225,63,7688,0,40,75000
226,41,0,0,40,25000
227,46,15024,0,38,75000
228,53,0,0,40,25000
229,25,1055,0,40,25000
230,77,0,0,35,25000
231,18,0,0,40,25000
232,38,0,0,50,25000
233,55,0,0,50,25000
234,34,0,0,40,75000
235,80,0,0,30,25000
236,34,0,0,60,25000
237,52,5013,0,40,25000
238,42,0,0,28,25000
239,26,0,0,40,25000
240,31,0,0,40,25000
241,25,0,0,35,25000
242,55,0,2057,60,25000
243,19,0,0,12,25000
244,62,0,0,32,25000
245,22,0,0,20,25000
246,39,0,0,50,25000
247,35,0,0,40,25000
248,28,0,0,40,25000
249,47,0,0,70,75000
250,44,0,0,40,25000
251,21,0,0,15,25000
252,35,0,0,50,25000
253,24,0,0,40,75000
254,42,0,0,40,25000
255,28,0,0,50,25000
256,21,0,0,35,25000
257,62,4650,0,40,25000
258,39,0,0,40,25000
259,30,0,0,40,25000
260,72,0,1429,20,25000
261,50,0,0,50,25000
262,28,0,0,40,25000
263,29,0,0,40,25000
264,26,0,0,40,25000
265,27,0,0,40,25000
266,29,3103,0,40,75000
267,61,0,0,40,25000
268,29,0,0,25,25000
269,21,0,0,30,25000
270,31,0,0,20,25000
271,25,0,0,75,25000
272,58,0,0,40,75000
273,64,0,0,40,75000
274,46,0,0,38,25000
275,53,0,0,35,75000
276,19,0,0,35,25000
277,42,0,0,52,25000
278,18,0,0,24,25000
279,58,15024,0,50,75000
280,20,0,0,60,25000
281,35,0,0,40,75000
282,32,0,0,38,75000
283,23,0,0,25,25000
284,31,0,0,40,25000
285,33,0,0,55,25000
286,41,0,0,48,25000
287,22,0,0,40,25000
288,46,0,0,40,75000
289,61,0,0,40,25000
290,30,0,0,40,25000
291,42,0,0,55,75000
292,63,0,0,40,25000
293,26,0,0,40,25000
294,42,0,0,40,25000
295,23,0,0,40,25000
296,25,0,1590,40,25000
297,30,0,0,32,75000
298,23,0,0,40,25000
299,34,27828,0,60,75000
300,30,0,2057,48,25000
301,39,0,0,40,75000
302,30,0,1721,38,25000
303,38,0,0,38,25000
304,26,0,0,40,25000
305,20,0,0,16,25000
306,37,0,0,40,25000
307,33,0,0,40,25000
308,24,0,0,40,25000
309,42,0,0,60,75000
310,51,3103,0,84,25000
311,56,0,0,45,75000
312,22,0,0,40,25000
313,52,0,0,60,25000
314,44,4934,0,45,75000
315,34,4064,0,35,25000
316,51,0,0,42,75000
317,20,0,0,40,25000
318,19,0,0,25,25000
319,37,0,0,40,75000
320,68,0,0,40,75000
321,22,0,0,40,25000
322,56,0,0,40,25000
323,37,0,0,40,25000
324,52,0,0,40,25000
325,26,0,0,40,25000
326,33,0,0,50,25000
327,45,0,0,42,25000
328,18,0,0,15,25000
329,43,0,0,60,75000
330,64,15024,0,50,75000
331,18,0,0,20,25000
332,20,0,0,45,25000
333,57,0,0,40,75000
334,41,3674,0,42,25000
335,34,0,1887,50,75000
336,19,0,0,40,25000
337,44,0,0,55,25000
338,56,0,0,40,25000
339,36,0,0,80,25000
340,48,0,0,48,25000
341,29,0,0,40,75000
342,33,2174,0,40,25000
343,31,0,0,40,25000
344,39,0,0,45,75000
345,66,10605,0,40,75000
346,27,0,0,50,75000
347,39,99999,0,40,75000
348,59,5178,0,50,75000
349,26,0,0,40,25000
350,31,0,0,40,25000
351,45,0,0,40,25000
352,23,0,0,30,25000
353,36,0,0,40,25000
354,34,0,0,12,75000
355,32,0,0,84,75000
356,37,0,0,50,75000
357,33,0,0,45,25000
358,50,99999,0,80,75000
359,32,0,0,40,25000
360,35,0,0,40,25000
361,37,0,0,40,25000
362,44,0,0,60,25000
363,57,0,0,25,25000
364,29,0,0,40,25000
365,55,0,0,50,75000
366,43,0,0,25,75000
367,43,0,0,70,25000
368,45,0,0,60,75000
369,33,0,0,8,25000
370,26,0,0,40,25000
371,23,0,0,68,25000
372,41,0,0,40,25000
373,24,0,0,40,25000
374,47,0,0,44,25000
375,34,0,0,45,25000
376,40,0,0,40,75000
377,28,0,1485,40,25000
378,24,0,0,40,25000
379,73,0,0,10,25000
380,23,0,0,15,25000
381,43,0,0,40,75000
382,26,0,0,40,25000
383,58,0,1485,35,75000
384,52,0,0,35,25000
385,29,0,0,99,75000
386,47,0,0,35,25000
387,49,0,0,37,25000
388,40,0,0,40,25000
389,62,0,0,40,25000
390,49,0,1977,55,75000
391,50,0,0,50,75000
392,31,0,0,40,25000
393,48,0,0,50,25000
394,24,0,0,40,25000
395,41,3418,0,40,25000
396,37,0,0,60,25000
397,45,0,0,45,75000
398,63,0,0,16,25000
399,36,0,0,45,25000
400,45,0,0,40,25000
401,41,0,0,40,25000
402,26,0,0,20,25000
403,17,0,0,25,25000
404,27,0,0,36,25000
405,43,0,0,65,25000
406,35,0,0,55,25000
407,38,0,0,40,25000
408,26,0,0,40,25000
409,28,0,0,40,25000
410,38,0,0,24,75000
411,36,0,0,40,25000
412,33,0,0,40,75000
413,19,1055,0,70,25000
414,22,0,0,25,25000
415,42,0,0,40,25000
416,50,0,0,40,75000
417,30,0,0,30,25000
418,37,0,0,40,25000
419,54,99999,0,40,75000
420,52,0,0,40,25000
421,65,0,0,40,25000
422,33,0,0,40,25000
423,25,0,0,40,25000
424,24,0,0,45,25000
425,26,114,0,40,25000
426,39,0,0,40,75000
427,59,0,0,40,25000
428,29,0,0,40,25000
429,47,0,0,45,25000
430,23,0,0,35,25000
431,64,0,0,50,25000
432,21,0,0,20,25000
433,32,0,0,40,75000
434,26,0,0,37,25000
435,19,0,0,20,25000
436,62,0,0,40,25000
437,32,0,0,55,75000
438,75,0,0,5,25000
439,45,0,0,60,25000
440,31,0,1887,50,75000
441,32,2580,0,40,25000
442,24,0,0,40,25000
443,25,0,0,40,25000
444,41,0,0,60,25000
445,18,0,0,20,25000
446,44,0,0,55,75000
447,40,3411,0,50,25000
448,27,0,0,40,25000
449,23,0,0,40,25000
450,21,2174,0,40,25000
451,37,0,0,40,25000
452,65,0,0,48,25000
453,43,0,0,40,75000
454,45,0,0,44,25000
455,24,0,0,40,25000
456,24,0,0,42,25000
457,19,0,1721,35,25000
458,37,0,0,65,75000
459,24,0,0,35,25000
460,34,0,0,40,25000
461,50,0,0,39,25000
462,36,0,0,40,25000
463,39,0,0,60,25000
464,44,0,0,38,25000
465,45,0,0,40,25000
466,32,0,0,40,25000
467,47,0,0,40,75000
468,50,0,0,40,25000
469,32,0,0,40,25000
470,19,0,0,40,25000
471,19,0,0,20,25000
472,28,0,0,10,25000
473,28,0,0,50,25000
474,39,0,0,40,75000
475,21,2907,0,40,25000
476,73,0,0,75,25000
477,39,4508,0,40,25000
478,25,0,0,40,25000
479,31,0,0,20,25000
480,51,0,0,32,25000
481,39,0,0,28,25000
482,31,0,0,40,25000
483,21,0,0,17,25000
484,46,27828,0,50,75000
485,73,0,0,35,25000
486,41,0,0,40,25000
487,20,0,0,40,25000
488,27,0,0,30,25000
489,24,0,0,35,25000
490,20,0,0,40,25000
491,39,0,0,40,25000
492,27,0,0,28,25000
493,33,0,0,60,25000
494,33,0,0,40,25000
495,36,0,0,40,25000
496,55,0,0,36,25000
497,19,0,0,40,25000
498,35,0,0,60,25000
499,34,0,0,40,25000
500,62,0,0,35,25000
501,33,0,0,40,75000
502,39,4386,0,55,25000
503,36,0,0,40,25000
504,41,0,0,33,25000
505,39,0,0,60,25000
506,38,0,1887,10,75000
507,18,0,0,10,25000
508,61,15024,0,45,75000
509,20,0,0,36,25000
510,35,0,0,65,75000
511,27,0,0,40,25000
512,66,0,0,38,25000
513,21,0,0,40,25000
514,20,0,0,18,25000
515,34,0,0,40,25000
516,63,0,0,50,25000
517,20,0,0,40,25000
518,31,0,0,40,25000
519,41,0,2051,60,25000
520,64,0,0,45,25000
521,32,0,0,40,25000
522,30,0,0,50,75000
523,36,0,0,72,25000
524,22,0,0,12,25000
525,53,0,0,50,25000
526,50,0,0,40,25000
527,36,0,0,40,25000
528,41,0,0,40,25000
529,55,0,0,35,25000
530,38,15024,0,50,75000
531,28,2174,0,50,25000
532,24,0,0,37,25000
533,60,0,0,40,25000
534,54,0,0,40,25000
535,27,0,0,60,25000
536,30,0,0,30,25000
537,54,0,0,45,25000
538,44,5178,0,40,75000
539,52,0,0,60,75000
540,18,0,0,20,25000
541,55,0,0,50,25000
542,35,0,0,50,75000
543,37,0,0,40,75000
544,22,0,0,40,25000
545,45,0,0,45,75000
546,38,0,0,60,25000
547,48,0,0,40,25000
548,35,0,0,40,25000
549,21,0,0,50,25000
550,37,0,0,60,75000
551,18,0,0,25,25000
552,26,0,0,35,25000
553,48,0,0,50,25000
554,51,8614,0,40,75000
555,52,0,0,40,25000
556,32,0,0,40,75000
557,39,0,0,60,25000
558,51,0,0,40,75000
559,54,0,0,50,25000
560,21,0,0,25,25000
561,43,0,0,40,25000
562,32,0,0,40,25000
563,31,0,0,35,75000
564,73,0,0,8,25000
565,26,0,0,60,25000
566,35,0,0,40,25000
567,73,0,0,54,75000
568,25,0,0,40,25000
569,58,0,2377,65,25000
570,32,0,0,37,25000
571,28,0,0,40,25000
572,41,0,0,30,25000
573,53,0,0,48,25000
574,49,0,0,35,25000
575,55,0,0,40,75000
576,29,7298,0,50,75000
577,28,0,0,80,25000
578,44,0,0,45,25000
579,41,0,0,45,75000
580,26,3103,0,45,75000
581,23,0,0,40,75000
582,37,0,0,40,75000
583,23,13550,0,50,75000
584,33,0,0,40,25000
585,44,0,0,40,75000
586,21,2907,0,30,25000
587,36,0,0,40,25000
588,44,5013,0,40,25000
589,23,0,0,40,25000
590,26,0,0,40,25000
591,32,0,0,40,25000
592,31,0,0,40,75000
593,50,6497,0,35,25000
594,18,0,0,20,25000
595,49,0,0,50,75000
596,59,0,0,40,25000
597,38,0,0,28,25000
598,50,0,0,55,25000
599,51,0,1672,55,25000
600,22,0,0,35,25000
601,54,0,0,40,75000
602,37,0,0,40,25000
603,31,0,0,60,25000
604,67,0,0,40,25000
605,43,0,0,40,25000
606,21,0,0,40,25000
607,30,0,0,40,25000
608,32,0,0,50,25000
609,36,0,0,40,25000
610,33,0,0,40,25000
611,37,0,0,56,25000
612,29,7298,0,48,75000
613,18,0,0,30,25000
614,26,0,0,40,25000
615,51,0,0,40,25000
616,39,0,0,40,25000
617,18,0,0,30,25000
618,52,0,1628,40,25000
619,31,0,0,40,25000
620,45,7298,0,53,75000
621,38,0,0,38,25000
622,21,0,0,35,25000
623,33,0,0,40,25000
624,39,0,0,40,25000
625,31,0,0,40,25000
626,43,0,1902,50,75000
627,64,0,1672,10,25000
628,33,7298,0,45,75000
629,49,0,0,60,25000
630,41,0,0,40,25000
631,55,0,0,40,25000
632,52,0,0,37,25000
633,42,0,0,40,25000
634,24,0,0,30,25000
635,42,0,0,52,25000
636,41,7298,0,40,75000
637,35,0,0,40,25000
638,71,0,0,10,25000
639,54,0,0,42,75000
640,24,0,0,40,25000
641,59,0,0,40,25000
642,30,0,0,40,25000
643,57,0,0,40,75000
644,58,15024,0,40,75000
645,32,0,0,40,25000
646,22,1055,0,25,25000
647,20,0,0,25,25000
648,60,0,0,40,25000
649,51,0,0,40,25000
650,26,0,0,20,25000
651,33,0,0,40,25000
652,19,0,0,40,25000
653,50,15024,0,20,75000
654,32,0,0,40,25000
655,51,0,0,40,75000
656,18,0,0,20,25000
657,35,0,0,50,75000
658,22,0,1602,25,25000
659,46,0,0,55,25000
660,37,0,0,45,25000
661,45,0,1902,20,75000
662,63,0,0,32,25000
663,53,0,0,10,25000
664,24,0,0,40,25000
665,65,0,0,29,25000
666,43,0,0,32,75000
667,47,0,0,40,25000
668,41,0,0,40,25000
669,27,6849,0,40,25000
670,35,0,0,75,25000
671,19,0,0,24,25000
672,47,0,0,35,25000
673,25,0,1590,40,25000
674,59,0,0,40,75000
675,28,0,0,40,25000
676,17,0,0,20,25000
677,21,2463,0,50,25000
678,31,0,0,40,25000
679,49,0,0,40,25000
680,48,7688,0,50,75000
681,60,0,0,20,25000
682,33,0,0,40,25000
683,40,0,0,40,25000
684,42,0,0,52,25000
685,34,5013,0,40,25000
686,38,0,0,52,25000
687,58,0,0,70,75000
688,20,0,0,40,25000
689,52,0,0,55,25000
690,22,0,0,40,25000
691,24,0,0,35,75000
692,39,0,0,40,25000
693,41,99999,0,55,75000
694,37,0,0,30,25000
695,56,2580,0,40,25000
696,21,0,0,40,25000
697,29,0,0,25,25000
698,45,0,0,10,25000
699,44,0,0,80,75000
700,54,0,0,45,75000
701,24,2174,0,40,25000
702,40,0,0,50,25000
703,43,99999,0,60,75000
704,20,0,0,16,25000
705,41,0,0,40,25000
706,32,0,0,40,25000
707,31,0,0,25,25000
708,26,0,0,40,25000
709,50,0,0,40,75000
710,62,3137,0,40,25000
711,24,2885,0,45,25000
712,58,0,0,65,75000
713,44,0,0,40,75000
714,44,0,0,40,25000
715,37,0,0,50,75000
716,65,2964,0,40,25000
717,33,0,0,40,75000
718,34,0,0,37,25000
719,56,0,0,60,75000
720,35,0,1977,48,75000
721,33,0,1741,40,25000
722,35,0,0,48,25000
723,47,0,0,60,25000
724,35,0,0,96,25000
725,56,0,0,40,25000
726,29,0,0,40,25000
727,53,7298,0,50,75000
728,42,0,0,25,25000
729,20,0,0,40,25000
730,24,0,0,50,25000
731,33,0,0,40,25000
732,42,0,0,45,25000
733,38,0,1887,50,75000
734,32,0,0,40,25000
735,20,0,0,20,25000
736,32,0,0,50,25000
737,28,0,0,40,75000
738,51,0,0,55,75000
739,41,0,0,30,25000
740,37,0,0,50,25000
741,23,0,0,40,25000
742,40,0,0,40,25000
743,47,0,0,40,25000
744,46,0,0,50,25000
745,24,0,0,40,25000
746,40,0,0,28,25000
747,30,0,0,60,25000
748,41,0,0,52,75000
749,37,0,0,45,75000
750,49,0,0,40,25000
751,41,0,0,50,75000
752,52,0,0,35,25000
753,23,0,0,50,25000
754,34,1471,0,40,25000
755,25,0,2444,40,75000
756,44,0,0,45,75000
757,31,0,0,33,25000
758,53,0,0,40,25000
759,62,0,0,50,25000
760,35,0,1876,55,25000
761,30,0,0,40,25000
762,48,0,0,40,75000
763,36,0,0,40,75000
764,32,0,0,33,25000
765,22,0,0,28,25000
766,17,0,0,40,25000
767,19,0,0,40,25000
768,26,0,0,40,25000
769,20,0,0,40,25000
770,56,0,0,35,75000
771,45,0,0,21,25000
772,23,0,0,40,25000
773,31,0,0,40,25000
774,30,0,0,8,25000
775,42,5013,0,35,25000
776,27,0,0,60,25000
777,37,0,0,50,75000
778,31,0,0,60,25000
779,33,0,0,40,25000
780,64,0,0,40,25000
781,32,0,0,40,25000
782,62,5178,0,40,75000
783,37,0,0,40,25000
784,25,0,0,40,25000
785,49,4064,0,40,25000
786,36,0,1902,40,75000
787,67,10566,0,15,25000
788,54,0,0,40,75000
789,45,0,0,40,75000
790,30,0,0,40,25000
791,39,0,0,40,25000
792,57,0,0,20,25000
793,57,0,0,40,25000
794,23,0,0,40,25000
795,49,0,0,40,25000
796,46,0,0,10,75000
797,41,0,0,43,25000
798,44,0,0,45,25000
799,25,2463,0,30,25000
800,34,0,0,45,75000
801,24,0,0,25,25000
802,32,0,0,45,25000
803,27,0,0,50,75000
804,67,0,0,40,25000
805,36,0,0,40,25000
806,40,0,1408,48,25000
807,24,0,0,40,25000
808,46,0,1902,40,75000
809,44,0,0,38,25000
810,23,0,0,40,75000
811,46,0,0,90,25000
812,31,0,0,40,25000
813,21,0,0,40,25000
814,61,0,0,40,75000
815,71,0,0,15,25000
816,42,0,0,40,75000
817,27,0,0,5,25000
818,21,0,0,16,25000
819,21,0,0,25,25000
820,28,2354,0,60,25000
821,27,0,0,37,25000
822,32,0,2001,25,25000
823,47,0,0,40,25000
824,22,0,0,35,25000
825,56,0,0,40,25000
826,20,0,0,40,25000
827,30,0,0,40,25000
828,22,0,0,25,25000
829,28,7688,0,45,75000
830,50,0,0,55,75000
831,66,1424,0,10,25000
832,38,0,0,46,25000
833,62,0,0,30,25000
834,36,0,0,40,75000
835,47,0,0,35,25000
836,25,0,0,40,25000
837,26,0,0,40,25000
838,37,0,0,40,25000
839,70,0,0,8,25000
840,52,0,0,40,25000
841,70,0,0,18,25000
842,19,0,0,40,25000
843,23,0,0,3,25000
844,37,0,0,16,75000
845,37,0,0,40,25000
846,45,0,0,40,25000
847,29,0,0,50,75000
848,56,0,0,20,25000
849,50,0,0,40,25000
850,20,0,2001,30,25000
851,26,0,0,40,25000
852,41,0,2415,60,75000
853,21,0,0,40,25000
854,48,0,2042,50,25000
855,22,0,0,40,25000
856,37,0,0,35,25000
857,47,0,0,30,75000
858,61,0,0,40,25000
859,47,0,0,40,75000
860,37,0,0,25,25000
861,46,0,0,40,25000
862,42,0,0,48,25000
863,41,0,0,40,25000
864,33,0,0,40,25000
865,24,0,0,35,25000
866,27,0,0,40,25000
867,40,0,0,39,25000
868,56,0,0,40,25000
869,35,0,0,55,25000
870,24,0,0,40,25000
871,73,0,0,1,25000
872,36,0,0,50,25000
873,31,0,0,50,75000
874,50,0,0,45,25000
875,36,0,0,40,25000
876,37,0,0,40,75000
877,26,0,0,55,25000
878,20,0,0,40,25000
879,58,0,0,40,75000
880,45,0,0,40,75000
881,33,0,0,40,25000
882,31,0,0,40,25000
883,44,99999,0,60,75000
884,19,0,0,30,25000
885,54,0,0,50,75000
886,31,0,1740,40,25000
887,27,0,0,35,25000
888,36,5178,0,40,75000
889,47,0,1876,40,25000
890,35,0,0,45,25000
891,42,0,0,55,75000
892,45,0,0,40,25000
893,70,1455,0,40,25000
894,27,0,0,44,25000
895,36,0,0,60,75000
896,23,0,0,40,25000
897,25,0,0,50,25000
898,45,7688,0,45,75000
899,24,0,0,30,25000
900,90,0,1825,50,75000
901,50,0,1902,44,75000
902,37,7688,0,99,75000
903,31,0,0,40,25000
904,17,0,0,40,25000
905,26,0,0,38,25000
906,41,0,0,60,25000
907,50,0,0,60,75000
908,45,0,0,80,25000
909,54,0,0,55,75000
910,54,0,0,40,25000
911,38,0,0,40,25000
912,22,0,0,38,25000
913,43,0,0,40,25000
914,19,0,0,30,25000
915,30,0,0,40,75000
916,31,0,0,40,25000
917,42,3325,0,40,25000
918,48,0,0,40,75000
919,56,0,0,35,75000
920,21,0,0,36,25000
921,45,0,0,40,25000
922,37,0,0,40,75000
923,38,0,0,30,25000
924,34,0,0,50,25000
925,29,0,0,40,25000
926,24,0,0,40,25000
927,79,0,0,23,25000
928,35,0,0,55,25000
929,39,0,0,70,25000
930,73,0,0,12,25000
931,57,0,0,40,25000
932,35,0,0,50,25000
933,60,0,0,32,25000
934,19,0,0,40,25000
935,54,0,0,40,25000
936,53,0,0,40,25000
937,23,0,0,40,25000
938,57,0,0,48,75000
939,27,0,0,48,25000
940,25,0,0,40,25000
941,38,0,0,40,25000
942,48,0,0,60,75000
943,24,0,0,45,25000
944,67,0,0,40,25000
945,20,0,0,35,25000
946,38,0,0,40,75000
947,54,0,0,40,25000
948,20,0,0,40,25000
949,57,0,0,55,25000
950,34,0,0,44,25000
951,34,0,0,49,25000
952,80,0,0,16,25000
953,40,0,0,40,25000
954,19,0,0,35,25000
955,35,0,0,56,25000
956,21,0,0,40,25000
957,59,0,0,40,25000
958,53,0,0,40,75000
959,41,3103,0,40,75000
960,59,0,0,55,25000
961,21,0,0,35,25000
962,52,0,0,40,25000
963,48,0,0,40,25000
964,24,0,0,40,25000
965,49,0,0,40,75000
966,19,0,0,50,25000
967,50,0,0,40,25000
968,39,0,0,60,75000
969,25,0,0,40,25000
970,66,0,0,40,25000
971,30,4416,0,40,25000
972,49,15024,0,80,75000
973,40,0,0,45,25000
974,38,0,0,40,25000
975,25,0,0,40,25000
976,51,0,0,37,75000
977,23,0,0,40,25000
978,60,0,1887,67,75000
979,44,27828,0,60,75000
980,53,25236,0,60,75000
981,66,0,0,20,75000
982,18,0,0,45,25000
983,44,0,0,40,25000
984,38,0,0,40,75000
985,30,0,0,40,75000
986,36,3674,0,42,25000
987,38,0,0,40,75000
988,31,0,0,45,25000
989,26,0,0,35,25000
990,23,0,0,25,25000
991,58,0,0,40,25000
992,44,3137,0,40,25000
993,59,99999,0,40,75000
994,36,0,0,40,25000
995,42,8614,0,52,75000
996,17,0,0,20,25000
997,59,0,0,15,25000
998,22,0,0,40,25000
999,40,0,0,45,25000
1000,36,0,0,40,25000
1001,19,0,0,15,25000
1002,49,0,1977,25,75000
1003,18,0,0,40,25000
1004,38,0,0,25,25000
1005,48,0,0,40,25000
1006,53,0,0,40,75000
1007,33,0,0,46,25000
1008,34,0,0,40,25000
1009,41,0,0,50,75000
1010,20,594,0,20,25000
1011,58,0,0,40,25000
1012,52,0,0,40,25000
1013,45,0,1887,47,75000
1014,37,0,0,40,25000
1015,48,0,0,40,25000
1016,40,0,0,40,75000
1017,29,0,0,45,25000
1018,33,0,0,10,25000
1019,51,2105,0,24,25000
1020,48,0,0,48,25000
1021,36,0,0,40,25000
1022,31,0,0,35,25000
1023,41,0,0,50,25000
1024,29,0,0,40,25000
1025,20,0,0,40,25000
1026,53,7298,0,40,75000
1027,37,0,0,40,25000
1028,28,0,0,35,25000
1029,27,0,0,40,25000
1030,57,0,0,40,25000
1031,23,0,0,40,25000
1032,25,0,0,56,75000
1033,63,0,0,38,25000
1034,65,0,0,18,25000
1035,77,0,0,40,25000
1036,32,0,0,40,25000
1037,40,0,0,40,75000
1038,67,0,0,40,25000
1039,35,0,0,40,25000
1040,24,0,0,40,25000
1041,53,0,1902,50,75000
1042,37,4787,0,40,75000
1043,44,0,0,40,25000
1044,25,0,0,40,25000
1045,17,0,0,20,25000
1046,47,0,1887,60,75000
1047,62,2829,0,40,25000
1048,39,0,0,60,25000
1049,18,0,0,30,25000
1050,32,0,0,40,25000
1051,25,0,0,40,75000
1052,30,0,0,65,75000
1053,47,0,0,50,75000
1054,40,0,0,40,25000
1055,38,0,0,40,25000
1056,41,0,0,40,75000
1057,21,0,0,20,25000
1058,32,0,0,48,75000
1059,54,0,0,50,25000
1060,31,0,0,25,25000
1061,42,0,0,40,25000
1062,23,0,0,40,25000
1063,18,0,0,33,25000
1064,65,401,0,12,25000
1065,37,0,0,50,25000
1066,53,0,0,40,25000
1067,50,0,0,84,25000
1068,64,0,0,40,75000
1069,55,0,0,60,25000
1070,63,7298,0,40,75000
1071,53,4865,0,45,25000
1072,18,0,0,40,25000
1073,33,0,0,40,25000
1074,62,0,0,40,25000
1075,56,15024,0,48,75000
1076,58,15024,0,43,75000
1077,33,0,0,38,25000
1078,58,0,0,45,25000
1079,44,0,0,50,75000
1080,81,1264,0,40,25000
1081,28,0,0,35,25000
1082,28,0,0,40,25000
1083,43,0,0,45,75000
1084,51,0,0,40,25000
1085,23,0,0,52,25000
1086,48,0,0,45,25000
1087,45,15024,0,48,75000
1088,48,0,0,70,25000
1089,37,0,0,16,25000
1090,34,0,0,50,75000
1091,63,0,1902,60,75000
1092,38,0,0,40,25000
1093,29,0,0,40,25000
1094,33,0,0,40,25000
1095,47,0,0,40,25000
1096,30,0,0,30,25000
1097,35,0,0,40,25000
1098,54,0,2415,40,75000
1099,26,6849,0,50,25000
1100,39,0,0,54,25000
1101,34,0,0,40,25000
1102,55,0,0,40,25000
1103,33,0,0,76,75000
1104,17,0,0,36,25000
1105,27,0,0,38,25000
1106,53,0,0,41,75000
1107,43,0,0,40,25000
1108,22,0,0,40,25000
1109,52,0,0,50,25000
1110,60,0,0,40,25000
1111,55,15024,0,65,75000
1112,39,0,0,40,75000
1113,29,0,1848,40,75000
1114,41,7298,0,50,75000
1115,61,0,0,40,25000
1116,71,0,0,40,25000
1117,20,0,0,35,25000
1118,33,0,0,40,25000
1119,52,0,0,40,75000
1120,40,0,0,40,75000
1121,26,0,0,40,25000
1122,31,0,0,99,25000
1123,42,7688,0,50,75000
1124,63,0,0,21,25000
1125,53,0,0,45,25000
1126,34,0,0,40,75000
1127,48,1506,0,40,25000
1128,67,0,0,20,75000
1129,49,0,0,24,25000
1130,28,0,0,55,25000
1131,51,0,0,40,25000
1132,44,99999,0,60,75000
1133,27,0,0,40,75000
1134,49,0,0,20,25000
1135,34,0,0,30,25000
1136,27,0,0,35,25000
1137,38,0,0,36,25000
1138,24,0,0,40,25000
1139,29,0,1719,48,25000
1140,39,0,0,40,25000
1141,50,0,0,40,75000
1142,42,0,0,42,75000
1143,63,0,0,7,25000
1144,44,0,0,40,25000
1145,58,0,0,40,25000
1146,25,0,0,50,25000
1147,23,0,0,35,25000
1148,20,0,0,40,25000
1149,46,0,0,45,25000
1150,21,0,0,35,25000
1151,63,0,0,40,25000
1152,38,4386,0,40,75000
1153,27,0,0,55,25000
1154,41,0,0,50,75000
1155,43,99999,0,50,75000
1156,39,0,0,40,25000
1157,48,0,0,99,25000
1158,56,99999,0,45,75000
1159,44,5013,0,60,25000
1160,24,0,0,40,25000
1161,49,4650,0,40,25000
1162,38,0,0,70,25000
1163,36,0,0,35,25000
1164,27,0,0,20,25000
1165,50,0,0,40,25000
1166,46,0,0,52,25000
1167,41,0,0,10,25000
1168,45,0,0,16,25000
1169,46,0,0,40,25000
1170,65,0,0,48,75000
1171,44,0,0,50,75000
1172,35,0,0,50,25000
1173,44,0,0,45,25000
1174,51,0,0,50,25000
1175,74,0,0,35,25000
1176,32,0,0,35,25000
1177,22,0,0,30,25000
1178,58,0,0,40,25000
1179,47,0,0,40,25000
1180,32,0,0,40,25000
1181,64,0,0,25,25000
1182,44,0,0,25,75000
1183,59,0,3004,40,75000
1184,34,0,0,35,25000
1185,54,0,0,40,75000
1186,33,0,0,30,25000
1187,44,3908,0,60,25000
1188,31,0,0,40,75000
1189,30,0,0,40,25000
1190,18,0,0,17,25000
1191,56,0,0,55,75000
1192,24,0,0,40,25000
1193,23,0,0,40,25000
1194,51,0,0,40,25000
1195,24,0,0,20,25000
1196,39,0,0,40,25000
1197,49,0,0,40,25000
1198,22,0,0,40,25000
1199,42,0,0,45,25000
1200,51,0,0,39,75000
1201,20,594,0,24,25000
1202,49,0,0,40,25000
1203,31,0,0,50,75000
1204,41,0,0,40,25000
1205,35,0,0,60,75000
1206,20,0,0,30,25000
1207,35,4386,0,42,75000
1208,46,0,0,8,25000
1209,35,0,0,60,25000
1210,21,0,0,20,25000
1211,45,0,0,40,25000
1212,37,0,0,40,75000
1213,45,0,1590,40,25000
1214,18,0,0,24,25000
1215,53,0,0,45,75000
1216,24,0,0,40,25000
1217,35,0,0,40,25000
1218,28,0,0,40,25000
1219,50,7688,0,56,75000
1220,38,0,0,50,25000
1221,34,0,0,40,25000
1222,53,0,0,32,75000
1223,46,15024,0,45,75000
1224,50,0,0,45,25000
1225,45,0,0,40,25000
1226,29,0,0,23,25000
1227,41,99999,0,40,75000
1228,43,0,1977,50,75000
1229,29,0,0,56,25000
1230,53,0,0,45,75000
1231,24,0,0,40,25000
1232,35,0,0,40,25000
1233,25,0,0,30,25000
1234,43,0,0,56,25000
1235,38,0,0,45,25000
1236,64,0,0,35,25000
1237,37,27828,0,40,75000
1238,48,0,0,35,75000
1239,27,0,0,50,75000
1240,45,0,0,40,25000
1241,41,10520,0,38,75000
1242,33,3103,0,60,75000
1243,42,0,0,40,25000
1244,29,0,0,50,25000
1245,29,0,0,49,25000
1246,71,0,0,30,25000
1247,29,0,0,40,25000
1248,23,0,0,16,25000
1249,28,0,0,2,25000
1250,55,0,0,40,75000
1251,47,0,0,40,25000
1252,21,0,0,40,25000
1253,33,0,0,40,25000
1254,35,0,0,40,25000
1255,42,0,0,45,75000
1256,33,0,0,40,25000
1257,30,0,0,40,25000
1258,37,0,0,40,25000
1259,19,0,0,25,25000
1260,21,0,0,40,25000
1261,46,0,0,35,25000
1262,42,0,0,40,75000
1263,28,0,0,58,25000
1264,36,0,0,40,75000
1265,39,0,0,40,25000
1266,27,0,0,40,25000
1267,57,0,0,38,75000
1268,50,0,0,12,25000
1269,63,0,1887,40,75000
1270,44,0,625,50,25000
1271,38,0,0,40,75000
1272,30,0,0,40,25000
1273,20,0,0,25,25000
1274,44,0,0,50,75000
1275,24,0,0,40,25000
1276,26,2354,0,40,25000
1277,42,0,0,70,25000
1278,54,0,0,40,75000
1279,45,0,0,45,25000
1280,37,0,0,40,25000
1281,30,0,0,40,25000
1282,36,7298,0,40,75000
1283,19,0,0,50,25000
1284,22,0,0,40,25000
1285,65,0,0,40,25000
1286,52,0,0,25,25000
1287,36,0,0,30,25000
1288,22,0,0,40,25000
1289,28,0,0,50,25000
1290,30,0,0,40,75000
1291,47,0,0,55,75000
1292,29,0,0,40,25000
1293,36,0,0,40,25000
1294,30,0,0,40,25000
1295,52,15024,0,60,75000
1296,62,0,0,40,25000
1297,42,0,0,55,75000
1298,33,0,0,40,25000
1299,17,0,0,26,25000
1300,54,0,0,40,25000
1301,41,0,0,40,25000
1302,45,0,0,45,25000
1303,37,0,0,15,25000
1304,21,0,0,34,25000
1305,29,0,0,40,25000
1306,18,0,0,40,25000
1307,18,0,0,20,25000
1308,62,0,0,40,25000
1309,19,0,0,20,25000
1310,62,0,0,35,25000
1311,58,0,0,40,25000
1312,34,0,0,50,25000
1313,62,0,0,50,25000
1314,23,0,0,12,25000
1315,37,4934,0,50,75000
1316,42,0,0,46,25000
1317,21,0,0,40,25000
1318,41,0,0,40,25000
1319,27,0,0,40,25000
1320,37,0,0,40,25000
1321,40,0,0,45,75000
1322,62,0,0,40,25000
1323,29,0,0,40,25000
1324,33,0,1977,50,75000
1325,53,0,0,40,25000
1326,64,0,0,40,25000
1327,60,15024,0,48,75000
1328,47,0,0,40,25000
1329,45,0,0,40,25000
1330,33,0,0,40,25000
1331,29,5178,0,45,75000
1332,57,3103,0,40,75000
1333,19,0,0,35,25000
1334,26,0,0,40,25000
1335,63,0,0,25,25000
1336,42,0,0,40,25000
1337,38,0,0,50,75000
1338,34,0,0,40,25000
1339,20,0,0,30,25000
1340,35,0,0,40,25000
1341,38,0,0,8,75000
1342,52,0,0,40,25000
1343,32,0,0,40,25000
1344,67,99999,0,60,75000
1345,26,0,2001,40,25000
1346,58,0,0,60,75000
1347,48,0,0,40,75000
1348,25,0,0,40,25000
1349,25,4865,0,48,25000
1350,25,0,0,50,25000
1351,18,0,0,12,25000
1352,36,0,0,60,25000
1353,45,0,0,50,25000
1354,34,0,0,40,25000
1355,68,0,0,40,75000
1356,37,0,0,50,25000
1357,21,0,0,15,25000
1358,49,0,0,40,25000
1359,39,0,0,50,25000
1360,41,0,1902,40,75000
1361,35,0,0,50,75000
1362,29,0,0,40,25000
1363,29,0,0,40,25000
1364,54,7688,0,40,75000
1365,32,0,0,45,75000
1366,18,0,0,30,25000
1367,30,0,0,40,75000
1368,66,0,0,15,75000
1369,23,0,0,40,25000
1370,36,0,0,50,25000
1371,34,0,0,45,25000
1372,39,0,0,60,25000
1373,26,0,0,40,25000
1374,78,0,0,40,25000
1375,28,0,0,40,25000
1376,51,0,0,40,25000
1377,33,0,0,50,75000
1378,44,0,0,40,25000
1379,34,0,0,40,75000
1380,33,7688,0,50,75000
1381,28,0,0,60,75000
1382,55,0,0,4,25000
1383,30,0,0,45,25000
1384,45,0,0,40,25000
1385,46,0,0,40,75000
1386,17,0,0,7,25000
1387,40,0,0,40,25000
1388,44,0,0,50,75000
1389,56,0,0,40,25000
1390,69,0,0,40,75000
1391,41,0,0,40,25000
1392,47,0,0,40,25000
1393,33,3464,0,40,25000
1394,25,0,0,20,25000
1395,42,0,0,35,25000
1396,65,2653,0,30,25000
1397,24,0,0,40,25000
1398,48,0,0,40,25000
1399,82,0,0,40,25000
1400,36,0,0,40,75000
1401,34,10520,0,40,75000
1402,28,0,0,40,25000
1403,65,20051,0,40,75000
1404,66,0,0,60,25000
1405,40,0,0,30,25000
1406,66,0,0,40,25000
1407,37,0,0,40,25000
1408,34,0,0,40,25000
1409,41,0,0,20,25000
1410,43,0,1977,50,75000
1411,20,0,0,45,25000
1412,59,0,0,10,25000
1413,48,0,0,40,75000
1414,45,0,0,40,75000
1415,28,0,0,48,25000
1416,43,0,0,35,25000
1417,18,0,0,15,25000
1418,34,0,0,40,25000
1419,55,0,2179,60,25000
1420,21,0,0,40,25000
1421,47,0,0,40,25000
1422,45,0,0,40,25000
1423,61,0,0,40,25000
1424,23,0,0,40,25000
1425,44,0,0,40,25000
1426,45,0,0,50,75000
1427,35,4101,0,40,25000
1428,17,0,0,15,25000
1429,49,0,0,50,75000
1430,40,0,0,40,75000
1431,28,0,0,40,25000
1432,33,0,0,60,25000
1433,31,0,0,40,25000
1434,38,0,0,40,25000
1435,62,0,0,35,25000
1436,40,0,0,40,25000
1437,61,0,0,40,25000
1438,42,0,1902,40,75000
1439,19,0,0,2,25000
1440,32,0,0,45,25000
1441,52,0,0,40,25000
1442,34,0,0,40,25000
1443,37,0,0,50,75000
1444,30,8614,0,45,75000
1445,27,0,0,40,25000
1446,25,0,0,35,25000
1447,32,0,0,50,25000
1448,47,0,0,60,75000
1449,43,0,0,38,75000
1450,50,0,0,36,75000
1451,42,0,0,40,75000
1452,31,0,0,30,25000
1453,43,0,0,30,25000
1454,37,0,0,17,25000
1455,58,3325,0,40,25000
1456,32,0,0,38,25000
1457,35,0,0,38,75000
1458,40,0,0,60,25000
1459,39,0,1573,45,25000
1460,51,0,0,55,75000
1461,42,0,0,50,75000
1462,27,0,0,40,25000
1463,69,0,1429,30,25000
1464,74,0,0,40,25000
1465,36,0,0,43,75000
1466,23,0,0,23,25000
1467,48,0,0,40,25000
1468,38,0,0,40,25000
1469,68,1797,0,24,25000
1470,40,0,0,40,25000
1471,23,0,0,40,25000
1472,48,0,0,40,25000
1473,47,0,0,40,25000
1474,55,0,0,51,25000
1475,22,0,0,17,25000
1476,49,0,0,40,25000
1477,51,0,0,40,25000
1478,42,7688,0,40,75000
1479,31,0,0,50,75000
1480,67,0,0,24,25000
1481,27,0,0,45,25000
1482,59,0,0,15,25000
1483,66,0,0,25,25000
1484,28,0,0,60,75000
1485,33,0,0,50,25000
1486,44,0,0,55,25000
1487,39,0,0,45,75000
1488,39,0,0,42,25000
1489,46,0,0,38,75000
1490,19,0,0,36,25000
1491,44,0,0,50,25000
1492,24,0,2205,40,25000
1493,48,0,0,42,25000
1494,27,3137,0,50,25000
1495,44,3325,0,35,25000
1496,30,0,0,35,25000
1497,32,0,0,40,75000
1498,49,15024,0,78,75000
1499,37,0,0,30,25000
1500,24,0,0,60,75000
1501,19,0,0,20,25000
1502,20,0,0,10,25000
1503,25,0,0,45,25000
1504,29,0,0,40,25000
1505,43,0,0,40,75000
1506,35,0,0,40,25000
1507,47,0,0,48,75000
1508,53,0,0,40,25000
1509,27,0,0,40,75000
1510,32,0,0,40,25000
1511,36,0,0,40,25000
1512,55,0,0,80,25000
1513,41,0,0,70,25000
1514,49,0,0,63,75000
1515,36,0,0,40,25000
1516,62,2829,0,28,25000
1517,44,0,0,72,25000
1518,69,0,1258,40,25000
1519,22,0,0,40,25000
1520,36,0,0,25,25000
1521,58,3464,0,60,25000
1522,32,2407,0,40,25000
1523,19,0,0,25,25000
1524,27,0,0,35,25000
1525,19,0,0,28,25000
1526,35,0,0,40,25000
1527,58,0,0,40,75000
1528,18,0,0,20,25000
1529,48,0,0,10,25000
1530,22,0,0,40,25000
1531,39,0,0,40,25000
1532,47,0,0,60,25000
1533,23,0,0,40,25000
1534,40,0,0,36,25000
1535,35,0,0,40,25000
1536,20,0,0,32,25000
1537,41,0,0,40,75000
1538,27,0,0,35,25000
1539,58,0,0,50,75000
1540,38,0,0,40,25000
1541,40,0,0,40,25000
1542,29,0,0,55,25000
1543,28,0,0,40,25000
1544,35,0,0,40,25000
1545,18,0,0,40,25000
1546,29,0,0,40,25000
1547,25,0,0,40,25000
1548,65,0,0,22,25000
1549,19,594,0,15,25000
1550,37,0,0,25,25000
1551,22,0,0,40,25000
1552,70,0,0,40,25000
1553,21,0,0,32,25000
1554,21,0,0,40,25000
1555,23,0,0,40,25000
1556,46,0,0,40,25000
1557,33,0,0,50,75000
1558,36,7298,0,40,75000
1559,42,0,0,60,75000
1560,52,0,0,40,25000
1561,55,0,0,6,75000
1562,60,0,0,40,25000
1563,57,0,0,40,25000
1564,35,0,0,40,75000
1565,24,0,0,40,25000
1566,37,0,0,55,75000
1567,45,0,0,40,75000
1568,48,0,0,40,25000
1569,22,0,0,42,25000
1570,45,0,0,40,25000
1571,32,0,0,40,25000
1572,35,0,0,40,25000
1573,22,0,0,40,25000
1574,34,0,0,38,25000
1575,25,4416,0,45,25000
1576,39,0,0,40,25000
1577,44,0,0,40,75000
1578,33,0,0,40,25000
1579,48,0,0,40,25000
1580,58,0,0,40,25000
1581,36,0,0,60,25000
1582,53,0,0,55,25000
1583,25,0,0,50,25000
1584,21,0,0,30,25000
1585,36,0,0,40,25000
1586,51,0,0,40,25000
1587,26,0,0,40,25000
1588,41,0,0,40,25000
1589,23,0,0,40,25000
1590,20,0,0,25,25000
1591,58,7688,0,50,75000
1592,21,0,0,25,25000
1593,32,0,0,50,75000
1594,54,0,0,20,25000
1595,62,0,0,40,25000
1596,29,0,0,40,25000
1597,43,0,0,60,25000
1598,20,0,0,60,25000
1599,23,0,0,20,25000
1600,26,0,0,40,25000
1601,33,0,0,60,75000
1602,30,0,0,40,25000
1603,63,3471,0,45,25000
1604,45,0,0,40,25000
1605,39,0,0,40,25000
1606,26,0,0,30,25000
1607,28,0,0,5,25000
1608,20,0,0,40,25000
1609,39,0,0,40,25000
1610,34,0,0,42,25000
1611,33,0,0,50,25000
1612,26,0,0,40,25000
1613,20,0,0,40,25000
1614,40,0,0,40,75000
1615,49,0,0,40,25000
1616,64,0,0,40,75000
1617,65,0,0,35,25000
1618,19,0,0,20,25000
1619,47,0,0,23,25000
1620,24,0,0,20,25000
1621,55,0,1977,45,75000
1622,61,0,0,35,25000
1623,47,0,0,50,75000
1624,64,0,0,40,25000
1625,37,0,2339,40,25000
1626,21,0,0,40,25000
1627,40,0,0,16,25000
1628,25,0,0,40,25000
1629,41,0,0,55,25000
1630,40,0,0,40,75000
1631,21,0,0,20,25000
1632,54,0,0,40,75000
1633,47,0,0,40,25000
1634,21,0,0,35,25000
1635,32,0,0,40,25000
1636,32,0,0,30,25000
1637,26,0,0,10,25000
1638,23,0,0,40,25000
1639,27,0,0,40,25000
1640,29,0,0,40,25000
1641,43,0,0,40,25000
1642,23,0,0,30,25000
1643,39,0,0,60,25000
1644,22,0,0,30,25000
1645,47,0,0,37,25000
1646,34,0,0,40,25000
1647,35,0,0,45,25000
1648,20,1055,0,30,25000
1649,36,0,0,40,25000
1650,52,0,0,99,25000
1651,38,0,0,40,25000
1652,33,0,0,40,25000
1653,18,0,0,35,25000
1654,38,0,0,40,25000
1655,56,0,0,50,75000
1656,30,0,0,45,75000
1657,35,0,0,50,75000
1658,60,0,0,50,25000
1659,20,0,0,40,25000
1660,18,0,0,45,25000
1661,19,0,0,15,25000
1662,53,5013,0,40,25000
1663,18,0,0,20,25000
1664,44,0,0,45,25000
1665,57,0,0,37,25000
1666,36,0,0,40,25000
1667,40,0,0,70,25000
1668,33,0,0,50,75000
1669,19,0,0,36,25000
1670,40,0,0,84,25000
1671,20,0,0,40,25000
1672,47,0,0,65,75000
1673,41,0,0,40,25000
1674,47,0,1887,40,75000
1675,23,0,0,30,25000
1676,49,0,0,70,75000
1677,37,0,0,50,75000
1678,67,0,0,40,25000
1679,24,0,0,40,25000
1680,39,0,0,50,75000
1681,29,4386,0,58,75000
1682,22,0,0,15,25000
1683,26,0,0,40,25000
1684,33,0,0,10,25000
1685,23,0,2339,45,25000
1686,37,0,0,40,25000
1687,30,0,1726,40,25000
1688,41,0,0,40,25000
1689,23,0,0,40,25000
1690,47,0,0,40,25000
1691,24,0,0,40,25000
1692,39,0,2258,70,25000
1693,33,0,0,60,75000
1694,25,0,0,40,25000
1695,40,0,0,40,25000
1696,67,0,0,40,25000
1697,55,0,0,18,25000
1698,69,0,0,40,25000
1699,34,0,1672,42,25000
1700,52,15024,0,40,75000
1701,22,0,0,30,25000
1702,47,0,0,40,25000
1703,45,0,0,40,25000
1704,23,0,1590,40,25000
1705,41,0,0,40,25000
1706,32,0,0,40,75000
1707,57,0,0,60,75000
1708,34,0,0,40,25000
1709,44,0,0,50,75000
1710,46,0,0,48,75000
1711,60,3325,0,35,25000
1712,46,0,0,40,25000
1713,32,0,0,52,25000
1714,44,0,1887,60,75000
1715,43,0,0,40,25000
1716,48,0,0,42,25000
1717,55,15024,0,60,75000
1718,24,0,0,40,25000
1719,65,0,0,20,25000
1720,51,0,0,60,75000
1721,42,0,0,40,75000
1722,36,0,0,40,25000
1723,19,0,0,30,25000
1724,24,0,0,50,25000
1725,52,0,0,40,25000
1726,28,0,0,35,25000
1727,42,0,0,40,25000
1728,25,0,0,70,25000
1729,53,0,0,45,75000
1730,35,0,0,36,25000
1731,20,0,0,40,25000
1732,38,13550,0,40,75000
1733,46,0,0,40,25000
1734,18,0,0,15,25000
1735,58,0,0,40,25000
1736,41,0,0,35,25000
1737,66,2653,0,40,25000
1738,38,0,0,40,25000
1739,29,0,0,28,25000
1740,39,0,0,40,25000
1741,44,0,0,40,75000
1742,26,0,0,25,25000
1743,27,0,0,38,25000
1744,29,0,0,80,25000
1745,29,0,0,70,25000
1746,47,0,0,45,25000
1747,62,0,0,60,75000
1748,29,0,0,55,25000
1749,52,0,0,40,75000
1750,27,0,0,40,25000
1751,53,0,0,5,25000
1752,29,0,0,40,25000
1753,62,0,0,40,25000
1754,72,0,0,25,25000
1755,27,0,0,40,25000
1756,38,0,0,55,25000
1757,27,0,0,45,25000
1758,49,0,0,60,25000
1759,56,0,0,40,75000
1760,52,0,0,40,75000
1761,22,0,0,40,25000
1762,37,0,0,40,25000
1763,55,0,0,40,25000
1764,38,0,0,65,25000
1765,45,0,1340,50,25000
1766,35,0,0,40,75000
1767,21,0,0,60,25000
1768,54,0,0,45,25000
1769,19,0,0,40,25000
1770,48,0,0,55,75000
1771,41,0,0,40,25000
1772,20,0,0,40,25000
1773,56,0,0,40,25000
1774,49,0,0,40,25000
1775,17,0,0,20,25000
1776,45,0,0,20,25000
1777,46,0,0,50,25000
1778,39,0,0,40,25000
1779,52,0,0,45,25000
1780,34,0,0,40,25000
1781,65,401,0,14,25000
1782,46,0,0,40,25000
1783,41,0,0,60,25000
1784,48,0,0,35,25000
1785,71,0,0,39,25000
1786,26,0,0,40,75000
1787,47,0,0,40,25000
1788,21,0,0,43,25000
1789,23,0,0,40,25000
1790,65,0,0,55,25000
1791,60,0,0,38,25000
1792,19,0,0,25,25000
1793,35,0,0,40,25000
1794,32,0,0,40,25000
1795,36,0,0,38,25000
1796,41,0,0,40,75000
1797,24,0,0,20,25000
1798,45,0,0,40,25000
1799,48,0,0,48,75000
1800,20,0,0,25,25000
1801,51,0,0,50,75000
1802,24,0,0,60,25000
1803,39,0,0,38,25000
1804,21,0,0,30,25000
1805,49,0,2415,3,75000
1806,30,0,0,40,25000
1807,68,0,0,5,25000
1808,30,0,0,50,25000
1809,32,15024,0,40,75000
1810,49,0,0,40,25000
1811,24,0,0,50,25000
1812,34,0,0,44,25000
1813,40,0,0,40,25000
1814,23,0,0,32,25000
1815,41,0,0,40,75000
1816,23,0,0,30,25000
1817,48,0,0,16,25000
1818,56,0,0,21,25000
1819,42,0,0,36,25000
1820,37,0,0,40,75000
1821,32,0,0,40,25000
1822,29,0,0,50,75000
1823,58,0,0,40,75000
1824,40,0,0,40,25000
1825,40,99999,0,52,75000
1826,33,0,0,34,25000
1827,58,0,0,40,25000
1828,32,0,0,40,25000
1829,22,0,1602,8,25000
1830,47,5178,0,40,75000
1831,41,0,0,38,75000
1832,41,0,0,40,75000
1833,73,0,0,15,25000
1834,56,0,0,40,25000
1835,83,0,0,20,25000
1836,22,0,0,60,25000
1837,30,0,0,40,25000
1838,41,0,0,50,25000
1839,32,0,0,40,75000
1840,27,0,0,40,25000
1841,35,15024,0,35,75000
1842,37,1506,0,40,25000
1843,48,0,0,46,25000
1844,42,0,0,40,25000
1845,35,0,0,40,75000
1846,20,0,0,35,25000
1847,33,15024,0,55,75000
1848,25,0,0,80,25000
1849,29,0,0,40,75000
1850,47,0,0,40,25000
1851,28,0,0,55,25000
1852,20,0,0,20,25000
1853,30,0,0,40,25000
1854,48,0,0,40,25000
1855,22,0,0,20,25000
1856,57,0,0,35,25000
1857,24,0,0,70,25000
1858,32,0,0,35,25000
1859,67,1086,0,15,25000
1860,22,0,0,40,25000
1861,20,0,0,40,25000
1862,29,0,0,42,25000
1863,37,0,0,40,75000
1864,20,0,0,40,25000
1865,30,0,0,40,25000
1866,32,0,0,40,25000
1867,23,0,0,40,25000
1868,31,0,0,40,25000
1869,39,0,0,60,75000
1870,48,0,0,50,25000
1871,38,0,0,40,25000
1872,25,0,0,35,25000
1873,22,0,0,24,25000
1874,17,0,0,15,25000
1875,44,0,0,52,75000
1876,28,0,0,50,75000
1877,18,0,0,30,25000
1878,37,0,0,40,25000
1879,26,0,0,35,25000
1880,43,0,0,28,25000
1881,23,0,1504,40,25000
1882,43,0,0,50,25000
1883,45,15024,0,50,75000
1884,34,0,0,35,25000
1885,42,0,0,50,75000
1886,22,0,0,44,25000
1887,38,0,0,40,25000
1888,35,0,0,40,25000
1889,39,0,0,50,25000
1890,44,0,0,40,25000
1891,45,0,0,45,75000
1892,25,0,0,40,25000
1893,54,0,1887,38,75000
1894,22,0,0,50,25000
1895,47,0,0,40,25000
1896,36,0,0,40,25000
1897,48,0,2415,50,75000
1898,66,0,0,20,25000
1899,58,0,0,48,25000
1900,25,0,0,40,25000
1901,30,99999,0,40,75000
1902,51,0,0,40,25000
1903,30,0,2559,40,75000
1904,20,0,0,30,25000
1905,57,0,0,50,75000
1906,23,0,0,20,25000
1907,33,0,0,35,25000
1908,47,0,0,37,75000
1909,54,0,0,40,25000
1910,75,0,0,40,25000
1911,36,0,0,50,75000
1912,51,3325,0,40,25000
1913,32,0,0,40,25000
1914,20,0,0,40,25000
1915,20,0,0,40,25000
1916,41,0,0,40,75000
1917,31,0,0,40,75000
1918,41,0,0,40,25000
1919,56,0,0,36,25000
1920,46,0,0,50,25000
1921,59,0,0,40,75000
1922,31,0,0,40,25000
1923,20,0,0,23,25000
1924,69,1848,0,50,25000
1925,35,0,1977,50,75000
1926,58,0,0,38,25000
1927,21,0,0,45,25000
1928,60,0,0,45,75000
1929,29,0,0,40,25000
1930,29,0,0,40,25000
1931,53,0,0,40,25000
1932,43,0,1848,40,75000
1933,55,0,0,40,75000
1934,29,0,2258,45,75000
1935,37,0,0,30,25000
1936,37,0,0,40,25000
1937,41,0,0,40,25000
1938,57,0,0,40,75000
1939,41,0,0,40,25000
1940,18,594,0,40,25000
1941,57,0,0,40,25000
1942,49,0,0,40,25000
1943,61,0,0,56,25000
1944,44,0,0,52,25000
1945,20,0,0,60,25000
1946,36,5178,0,50,75000
1947,29,0,0,72,75000
1948,51,0,0,40,25000
1949,19,0,0,32,25000
1950,53,0,0,40,25000
1951,43,0,0,60,75000
1952,42,2885,0,40,25000
1953,44,0,0,40,25000
1954,37,0,0,40,25000
1955,24,0,0,25,25000
1956,27,0,0,40,25000
1957,30,0,0,35,25000
1958,56,3325,0,45,25000
1959,58,0,0,40,25000
1960,20,0,0,40,25000
1961,36,0,0,50,75000
1962,26,0,0,40,25000
1963,42,0,0,60,25000
1964,24,0,0,45,25000
1965,26,0,0,56,25000
1966,19,0,0,25,25000
1967,21,0,0,33,25000
1968,43,0,0,40,75000
1969,20,0,0,40,25000
1970,47,0,0,40,25000
1971,62,7688,0,40,75000
1972,46,5013,0,60,25000
1973,54,0,1902,40,75000
1974,43,0,0,60,25000
1975,34,0,0,80,25000
1976,47,0,0,40,25000
1977,58,0,0,40,75000
1978,20,0,0,35,25000
1979,26,14344,0,40,75000
1980,51,0,0,35,25000
1981,53,0,1887,40,75000
1982,53,0,0,37,25000
1983,68,0,0,32,25000
1984,46,0,0,45,25000
1985,32,0,0,40,25000
1986,42,0,0,40,25000
1987,28,0,0,40,25000
1988,67,0,0,50,25000
1989,23,0,0,50,25000
1990,27,0,0,40,25000
1991,65,0,0,25,25000
1992,22,0,0,50,25000
1993,27,0,0,30,25000
1994,30,0,0,40,25000
1995,44,0,0,65,25000
1996,35,0,0,40,25000
1997,27,0,0,40,25000
1998,36,0,0,40,25000
1999,42,0,0,45,25000
2000,32,0,0,34,25000
2001,53,0,0,45,25000
2002,41,0,0,40,25000
2003,65,0,1668,31,25000
2004,22,0,0,60,25000
2005,65,0,0,16,75000
2006,21,0,0,40,25000
2007,28,0,0,65,25000
2008,24,0,0,50,25000
2009,39,15024,0,50,75000
2010,52,0,0,40,75000
2011,18,0,0,12,25000
2012,62,0,0,40,25000
2013,28,0,0,80,25000
2014,41,0,0,40,25000
2015,28,6849,0,35,25000
2016,43,3103,0,70,75000
2017,61,0,0,40,75000
2018,26,0,0,10,25000
2019,34,0,0,40,25000
2020,21,0,0,20,25000
2021,60,0,0,20,25000
2022,28,0,0,35,25000
2023,32,7298,0,70,75000
2024,55,2105,0,40,25000
2025,51,0,0,40,25000
2026,48,0,0,56,25000
2027,37,1151,0,40,25000
2028,40,0,0,40,25000
2029,44,0,0,40,25000
2030,27,0,0,40,25000
2031,55,0,0,30,25000
2032,40,0,0,24,75000
2033,30,0,0,70,25000
2034,36,0,0,40,25000
2035,74,0,0,40,25000
2036,34,0,0,40,25000
2037,48,0,0,42,25000
2038,44,0,0,40,25000
2039,48,14084,0,45,75000
2040,25,0,0,65,25000
2041,33,0,0,40,25000
2042,49,0,0,40,75000
2043,75,0,0,20,25000
2044,33,0,1974,30,25000
2045,29,0,0,50,75000
2046,47,0,1977,55,75000
2047,33,0,0,44,25000
2048,65,0,0,48,75000
2049,17,0,0,15,25000
2050,58,0,0,40,75000
2051,55,0,0,40,25000
2052,37,0,0,48,25000
2053,60,0,0,45,25000
2054,25,0,0,45,25000
2055,34,0,0,40,25000
2056,20,0,0,20,25000
2057,26,0,0,72,25000
2058,34,0,0,40,25000
2059,48,0,0,40,25000
2060,34,0,0,40,25000
2061,31,0,0,40,25000
2062,25,0,0,42,25000
2063,20,0,0,15,25000
2064,38,0,0,50,75000
2065,69,0,0,40,25000
2066,27,0,0,40,25000
2067,32,0,0,40,25000
2068,65,2993,0,40,25000
2069,22,0,0,8,25000
2070,25,0,0,40,25000
2071,40,0,0,25,25000
2072,29,0,0,55,75000
2073,33,0,0,40,25000
2074,60,0,0,40,25000
2075,28,0,0,40,25000
2076,28,0,0,39,25000
2077,72,2290,0,45,25000
2078,35,7298,0,48,75000
2079,33,0,0,99,75000
2080,36,0,0,45,25000
2081,18,0,0,32,25000
2082,38,0,0,20,75000
2083,48,0,0,40,75000
2084,22,0,0,20,25000
2085,29,0,0,40,75000
2086,81,0,0,30,25000
2087,19,0,0,25,25000
2088,39,0,0,60,75000
2089,20,0,0,60,25000
2090,41,0,0,92,25000
2091,50,0,0,40,75000
2092,54,0,0,46,25000
2093,18,0,0,20,25000
2094,18,0,0,10,25000
2095,54,0,0,40,25000
2096,47,0,0,40,25000
2097,21,0,0,20,25000
2098,22,0,0,40,25000
2099,19,0,0,40,25000
2100,37,0,0,8,75000
2101,37,0,0,25,25000
2102,31,0,0,45,75000
2103,31,0,0,50,25000
2104,60,0,0,50,25000
2105,43,0,0,40,25000
2106,65,0,0,10,25000
2107,33,0,0,40,25000
2108,32,0,0,40,25000
2109,36,0,0,40,25000
2110,53,0,0,50,75000
2111,50,0,0,40,25000
2112,23,0,0,30,25000
2113,60,0,0,38,25000
2114,32,0,1741,40,25000
2115,36,0,0,43,75000
2116,20,0,0,40,25000
2117,39,0,0,40,25000
2118,35,0,0,24,25000
2119,29,0,0,30,25000
2120,52,0,0,25,25000
2121,41,0,0,40,25000
2122,28,0,0,50,75000
2123,52,0,2205,8,25000
2124,40,0,0,40,25000
2125,40,0,0,50,25000
2126,22,0,0,18,25000
2127,69,0,0,8,25000
2128,28,0,0,38,25000
2129,57,0,1980,44,25000
2130,54,5178,0,40,75000
2131,41,0,0,40,25000
2132,28,0,0,40,25000
2133,39,0,0,40,25000
2134,39,3137,0,42,25000
2135,57,7688,0,45,75000
2136,18,0,0,15,25000
2137,53,0,0,40,25000
2138,44,0,0,40,25000
2139,28,0,0,40,25000
2140,61,0,2051,40,25000
2141,45,0,0,40,25000
2142,52,0,0,60,25000
2143,57,0,0,40,75000
2144,40,0,0,40,25000
2145,72,0,2377,35,75000
2146,23,0,0,20,25000
2147,46,0,0,36,25000
2148,51,0,0,20,25000
2149,46,0,0,40,75000
2150,43,0,0,40,25000
2151,42,0,0,40,75000
2152,53,0,0,40,75000
2153,31,0,0,40,25000
2154,35,15024,0,45,75000
2155,59,0,0,40,25000
2156,38,0,0,40,25000
2157,19,0,0,20,25000
2158,25,0,0,45,25000
2159,26,0,0,40,25000
2160,51,0,0,40,25000
2161,28,0,0,30,25000
2162,33,0,0,30,25000
2163,25,2174,0,40,25000
2164,23,0,0,40,25000
2165,35,0,0,40,25000
2166,41,0,0,45,25000
2167,43,0,0,35,25000
2168,49,0,0,40,75000
2169,45,99999,0,50,75000
2170,49,0,0,40,75000
2171,38,0,0,40,25000
2172,39,7688,0,45,75000
2173,39,0,0,31,75000
2174,26,0,0,40,25000
2175,17,0,0,12,25000
2176,26,0,0,40,25000
2177,71,0,0,3,25000
2178,27,0,0,42,25000
2179,34,0,0,40,25000
2180,35,0,0,38,25000
2181,36,0,0,40,25000
2182,39,0,0,40,75000
2183,41,1506,0,40,25000
2184,47,0,0,40,75000
2185,36,0,0,50,25000
2186,43,0,0,35,25000
2187,39,0,0,50,75000
2188,35,0,0,40,25000
2189,22,0,0,18,25000
2190,45,0,1902,50,75000
2191,33,0,0,60,25000
2192,21,0,0,40,25000
2193,37,0,0,40,25000
2194,30,0,0,80,25000
2195,47,0,0,40,25000
2196,45,0,0,40,25000
2197,25,0,0,25,25000
2198,47,0,0,45,75000
2199,68,0,0,40,25000
2200,27,0,2444,40,75000
2201,42,3103,0,40,75000
2202,36,0,0,40,25000
2203,28,0,1564,50,75000
2204,61,2290,0,40,25000
2205,33,0,0,40,25000
2206,23,0,0,45,25000
2207,40,0,0,40,25000
2208,25,0,0,40,25000
2209,45,0,0,60,25000
2210,23,0,0,40,25000
2211,30,0,0,50,25000
2212,33,0,0,40,25000
2213,21,0,0,40,25000
2214,28,0,0,40,25000
2215,42,0,0,60,25000
2216,43,0,0,84,25000
2217,50,7688,0,40,75000
2218,48,0,0,50,25000
2219,49,0,0,46,75000
2220,28,0,1408,50,25000
2221,36,0,1902,40,75000
2222,28,0,0,50,25000
2223,61,99999,0,40,75000
2224,25,0,0,40,25000
2225,48,0,0,40,25000
2226,36,0,0,40,75000
2227,46,0,0,45,25000
2228,25,0,0,40,25000
2229,36,0,0,40,25000
2230,45,0,0,40,25000
2231,18,0,0,21,25000
2232,28,0,0,35,25000
2233,39,7298,0,50,75000
2234,33,0,0,50,75000
2235,28,0,0,40,25000
2236,48,15020,0,48,75000
2237,21,0,0,50,25000
2238,26,0,0,40,25000
2239,40,0,0,40,25000
2240,63,5013,0,45,25000
2241,45,0,0,50,75000
2242,22,0,0,40,25000
2243,52,0,0,44,25000
2244,57,15024,0,40,75000
2245,38,0,0,40,25000
2246,46,0,1977,45,75000
2247,52,0,2547,40,75000
2248,55,0,0,55,25000
2249,21,0,0,40,25000
2250,30,0,0,50,25000
2251,17,0,0,15,25000
2252,57,0,0,45,75000
2253,30,0,0,40,25000
2254,48,0,0,50,25000
2255,24,0,0,50,25000
2256,45,0,0,40,25000
2257,40,0,0,40,25000
2258,34,0,0,20,25000
2259,35,0,0,40,25000
2260,24,0,0,40,25000
2261,47,0,0,37,75000
2262,21,0,0,25,25000
2263,30,0,0,40,25000
2264,52,0,0,50,25000
2265,37,0,0,47,25000
2266,24,0,0,30,25000
2267,41,0,0,40,75000
2268,61,0,1902,40,75000
2269,37,0,2002,40,25000
2270,39,0,0,60,25000
2271,28,0,0,45,75000
2272,24,0,0,20,25000
2273,29,0,0,55,25000
2274,61,0,0,40,25000
2275,38,0,0,40,75000
2276,56,7688,0,65,75000
2277,28,0,0,60,25000
2278,24,0,0,30,25000
2279,35,15024,0,50,75000
2280,31,0,0,43,25000
2281,39,0,0,55,75000
2282,35,0,0,6,25000
2283,20,0,0,35,25000
2284,25,0,0,40,25000
2285,23,0,0,25,25000
2286,37,0,0,40,75000
2287,47,0,0,40,75000
2288,36,0,0,40,25000
2289,34,0,0,40,25000
2290,35,0,0,60,25000
2291,85,0,0,40,75000
2292,71,20051,0,30,75000
2293,23,0,0,40,25000
2294,39,0,0,48,75000
2295,77,0,0,35,75000
2296,20,0,0,20,25000
2297,40,0,0,40,25000
2298,34,15024,0,60,75000
2299,33,5178,0,55,75000
2300,34,0,0,60,25000
2301,36,3325,0,40,25000
2302,36,0,0,40,25000
2303,32,0,2057,70,25000
2304,26,0,0,43,25000
2305,37,0,0,40,25000
2306,42,5178,0,45,75000
2307,38,0,0,45,75000
2308,48,0,0,40,25000
2309,23,0,0,40,25000
2310,37,0,0,50,25000
2311,38,7688,0,35,75000
2312,33,0,0,45,25000
2313,26,0,0,40,25000
2314,25,0,0,40,25000
2315,61,0,2001,40,25000
2316,44,0,0,50,25000
2317,65,9386,0,35,75000
2318,23,0,0,38,25000
2319,67,0,0,12,25000
2320,37,0,0,40,25000
2321,48,0,1977,70,75000
2322,35,0,0,40,25000
2323,48,0,0,40,25000
2324,50,0,0,50,25000
2325,36,0,0,40,75000
2326,20,0,0,35,25000
2327,32,0,0,30,25000
2328,18,0,0,10,25000
2329,36,0,0,40,75000
2330,50,0,0,55,75000
2331,24,7298,0,60,75000
2332,43,0,0,20,25000
2333,27,0,0,40,25000
2334,17,0,0,30,25000
2335,29,0,1977,45,75000
2336,19,0,0,25,25000
2337,38,0,0,50,75000
2338,64,0,0,50,25000
2339,31,4650,0,40,25000
2340,30,0,0,40,25000
2341,30,0,0,40,75000
2342,33,15024,0,40,75000
2343,59,0,0,40,25000
2344,40,0,0,50,25000
2345,27,4865,0,40,25000
2346,34,0,0,45,25000
2347,27,0,0,50,25000
2348,23,0,0,35,25000
2349,41,0,0,40,25000
2350,36,0,0,40,25000
2351,25,0,0,20,25000
2352,33,0,0,55,75000
2353,26,0,0,60,25000
2354,42,0,0,40,25000
2355,25,0,0,40,25000
2356,45,3103,0,40,75000
2357,59,0,0,37,25000
2358,26,0,0,40,75000
2359,20,0,0,40,25000
2360,53,0,0,40,75000
2361,32,0,0,40,25000
2362,22,0,0,35,25000
2363,53,0,0,45,25000
2364,47,0,0,40,25000
2365,21,0,0,40,25000
2366,17,0,0,15,25000
2367,48,0,0,40,75000
2368,32,0,0,7,25000
2369,58,0,0,40,75000
2370,72,0,0,36,25000
2371,45,0,0,38,25000
2372,41,0,0,40,25000
2373,66,0,0,42,75000
2374,34,0,0,50,75000
2375,33,0,0,40,25000
2376,47,0,0,50,25000
2377,35,0,0,35,25000
2378,27,0,0,40,25000
2379,49,0,0,40,25000
2380,36,0,0,40,25000
2381,25,0,0,38,25000
2382,38,0,0,40,25000
2383,21,0,0,30,25000
2384,29,0,0,45,25000
2385,42,0,0,40,25000
2386,28,0,0,40,25000
2387,26,0,0,30,25000
2388,65,2653,0,8,25000
2389,19,0,0,40,25000
2390,22,0,0,40,25000
2391,54,7298,0,40,75000
2392,46,0,0,77,25000
2393,34,2202,0,99,25000
2394,57,0,0,20,25000
2395,32,0,0,45,25000
2396,36,0,0,40,25000
2397,34,0,0,27,75000
2398,54,0,1628,40,25000
2399,34,0,0,37,25000
2400,72,0,0,36,25000
2401,23,0,0,40,25000
2402,53,7688,0,10,75000
2403,57,0,0,40,75000
2404,22,0,0,20,25000
2405,40,0,0,40,25000
2406,31,0,0,40,25000
2407,18,0,0,32,25000
2408,51,0,0,44,75000
2409,24,0,0,25,25000
2410,49,0,0,60,75000
2411,76,0,0,8,25000
2412,37,0,0,40,25000
2413,29,0,0,45,25000
2414,21,0,0,53,25000
2415,49,0,0,40,25000
2416,69,0,0,40,25000
2417,38,0,0,40,25000
2418,44,0,0,40,25000
2419,31,0,0,40,25000
2420,54,0,0,40,25000
2421,26,0,0,50,25000
2422,40,0,0,50,25000
2423,41,0,0,40,25000
2424,48,0,1902,50,75000
2425,51,7298,0,40,75000
2426,36,0,0,60,75000
2427,35,0,0,40,25000
2428,32,0,0,50,75000
2429,39,0,0,52,25000
2430,55,0,0,40,75000
2431,26,0,0,40,25000
2432,46,0,0,20,25000
2433,70,0,0,24,25000
2434,20,0,0,30,25000
2435,46,0,0,10,25000
2436,35,0,0,40,25000
2437,20,0,0,40,25000
2438,57,99999,0,60,75000
2439,64,0,0,50,75000
2440,63,0,0,60,75000
2441,21,0,0,30,25000
2442,43,0,0,45,75000
2443,35,0,0,38,25000
2444,21,0,0,29,25000
2445,23,0,0,38,25000